Date,Open,High,Low,Close,Volume
3/27/2014 16:00:00,28.32,28.32,27.57,27.85,13052
3/28/2014 16:00:00,27.99,28.24,27.86,27.92,41003
3/31/2014 16:00:00,28.27,28.27,27.77,27.77,10772
4/1/2014 16:00:00,27.86,28.34,27.86,28.28,7932
4/2/2014 16:00:00,28.96,30.16,28.03,28.27,146697
4/3/2014 16:00:00,28.41,29.28,28.13,28.41,5087530
4/4/2014 16:00:00,28.65,28.81,27.08,27.08,6377658
4/7/2014 16:00:00,26.96,27.35,26.29,26.83,4389569
4/8/2014 16:00:00,27.06,27.67,27.01,27.67,3152406
4/9/2014 16:00:00,27.9,28.19,27.57,28.13,3324742
4/10/2014 16:00:00,28.17,28.17,26.92,26.97,4027743
4/11/2014 16:00:00,26.55,26.93,26.25,26.46,3916171
4/14/2014 16:00:00,26.84,27.13,26.41,26.55,2568020
4/15/2014 16:00:00,26.77,26.85,25.85,26.75,3847453
4/16/2014 16:00:00,27.08,27.77,26.93,27.75,4879889
4/17/2014 16:00:00,27.37,27.4,26.48,26.73,6795393
4/21/2014 16:00:00,26.73,26.76,26.21,26.36,2561214
4/22/2014 16:00:00,26.36,26.79,26.3,26.67,2359421
4/23/2014 16:00:00,26.62,26.62,26.24,26.27,2051066
4/24/2014 16:00:00,26.43,26.51,26.03,26.19,1881965
4/25/2014 16:00:00,26.05,26.16,25.7,25.74,2097264
4/28/2014 16:00:00,25.79,25.86,25.07,25.79,3326429
4/29/2014 16:00:00,25.77,26.4,25.75,26.31,2692489
4/30/2014 16:00:00,26.31,26.33,26.05,26.26,1746904
5/1/2014 16:00:00,26.28,26.57,26.12,26.49,1900432
5/2/2014 16:00:00,26.61,26.63,26.21,26.32,1685042
5/5/2014 16:00:00,26.17,26.37,25.99,26.32,1021408
5/6/2014 16:00:00,26.19,26.27,25.68,25.69,1684381
5/7/2014 16:00:00,25.72,25.76,25.1,25.43,3216077
5/8/2014 16:00:00,25.35,25.79,25.25,25.48,2016131
5/9/2014 16:00:00,25.47,25.92,25.14,25.87,2432783
5/12/2014 16:00:00,26.1,26.44,25.88,26.42,1908392
5/13/2014 16:00:00,26.47,26.73,26.4,26.58,1648907
5/14/2014 16:00:00,26.58,26.58,26.19,26.26,1191863
5/15/2014 16:00:00,26.21,26.22,25.8,25.93,1703758
5/16/2014 16:00:00,26,26.02,25.7,25.96,1481688
5/19/2014 16:00:00,25.91,26.42,25.81,26.37,1276362
5/20/2014 16:00:00,26.41,26.74,26.24,26.42,1780113
5/21/2014 16:00:00,26.57,26.89,26.52,26.87,1193389
5/22/2014 16:00:00,26.98,27.31,26.96,27.18,1611837
5/23/2014 16:00:00,27.29,27.61,27.11,27.56,1929632
5/27/2014 16:00:00,27.72,28.22,27.64,28.22,2100298
5/28/2014 16:00:00,28.15,28.31,27.97,28.01,1647717
5/29/2014 16:00:00,28.09,28.12,27.86,27.93,1350657
5/30/2014 16:00:00,27.96,27.99,27.72,27.92,1766794
6/2/2014 16:00:00,27.96,27.97,27.21,27.62,1434989
6/3/2014 16:00:00,27.47,27.54,27.05,27.17,1861921
6/4/2014 16:00:00,27,27.36,26.86,27.16,1812084
6/5/2014 16:00:00,27.25,27.67,27.15,27.62,1684886
6/6/2014 16:00:00,27.83,27.83,27.37,27.74,1732592
6/9/2014 16:00:00,27.78,28.07,27.73,28.03,1463676
6/10/2014 16:00:00,27.95,28.1,27.82,27.95,1349444
6/11/2014 16:00:00,27.82,27.92,27.68,27.87,1097380
6/12/2014 16:00:00,27.79,27.82,27.35,27.49,1457104
6/13/2014 16:00:00,27.54,27.54,27.2,27.51,1217176
6/16/2014 16:00:00,27.39,27.41,27,27.14,1704027
6/17/2014 16:00:00,27.14,27.19,26.89,27.08,1445878
6/18/2014 16:00:00,27.17,27.6,27.13,27.59,1737343
6/19/2014 16:00:00,27.64,27.67,27.35,27.67,2451341
6/20/2014 16:00:00,27.77,27.8,27.44,27.74,4496962
6/23/2014 16:00:00,27.68,28.17,27.64,28.17,1534659
6/24/2014 16:00:00,28.18,28.55,27.97,28.15,2201789
6/25/2014 16:00:00,28.19,28.92,28.18,28.85,1964447
6/26/2014 16:00:00,28.97,29.04,28.51,28.72,1737210
6/27/2014 16:00:00,28.78,28.91,28.61,28.78,2231174
6/30/2014 16:00:00,28.85,28.9,28.66,28.69,1310909
7/1/2014 16:00:00,28.84,29.14,28.75,29.05,1446309
7/2/2014 16:00:00,29.09,29.19,28.94,29.04,1054936
7/3/2014 16:00:00,29.09,29.17,28.97,29.16,712210
7/7/2014 16:00:00,29.11,29.24,28.9,29.03,1061833
7/8/2014 16:00:00,28.8,28.9,28.23,28.48,1908647
7/9/2014 16:00:00,28.5,28.76,28.39,28.73,1113907
7/10/2014 16:00:00,28.22,28.75,28.17,28.48,1353317
7/11/2014 16:00:00,28.52,28.96,28.49,28.88,1617569
7/14/2014 16:00:00,29.05,29.18,28.82,29.16,1852290
7/15/2014 16:00:00,29.21,29.21,28.75,29.16,1618815
7/16/2014 16:00:00,29.32,29.34,29.03,29.05,1394560
7/17/2014 16:00:00,28.9,28.97,28.35,28.61,3015475
7/18/2014 16:00:00,29.57,29.76,29.02,29.67,4006389
7/21/2014 16:00:00,29.51,29.64,29.18,29.39,2060334
7/22/2014 16:00:00,29.46,29.9,29.45,29.66,1694787
7/23/2014 16:00:00,29.58,29.81,29.54,29.72,1229846
7/24/2014 16:00:00,29.74,29.89,29.51,29.59,1033341
7/25/2014 16:00:00,29.44,29.51,29.27,29.37,932724
7/28/2014 16:00:00,29.32,29.54,29.16,29.45,984161
7/29/2014 16:00:00,29.36,29.4,29.1,29.2,1346647
7/30/2014 16:00:00,29.25,29.39,29.12,29.29,1013932
7/31/2014 16:00:00,28.95,29.1,28.42,28.5,2099516
8/1/2014 16:00:00,28.44,28.72,28.07,28.23,1950171
8/4/2014 16:00:00,28.37,28.69,28.13,28.58,1427169
8/5/2014 16:00:00,28.42,28.52,28.05,28.18,1556685
8/6/2014 16:00:00,28.01,28.46,27.92,28.24,1330877
8/7/2014 16:00:00,28.32,28.42,27.98,28.09,1108900
8/8/2014 16:00:00,28.1,28.43,27.94,28.36,1492491
8/11/2014 16:00:00,28.42,28.45,28.22,28.32,1215968
8/12/2014 16:00:00,28.15,28.22,27.97,28.06,1537758
8/13/2014 16:00:00,28.29,28.67,28.21,28.66,1437922
8/14/2014 16:00:00,28.73,28.82,28.47,28.65,982926
8/15/2014 16:00:00,28.81,28.89,28.45,28.6,1517056
8/18/2014 16:00:00,28.73,29.15,28.72,29.03,1282531
8/19/2014 16:00:00,29.17,29.29,29.12,29.26,979298
8/20/2014 16:00:00,29.21,29.25,29.05,29.14,1034779
8/21/2014 16:00:00,29.11,29.14,28.98,29.09,912854
8/22/2014 16:00:00,29.1,29.18,28.95,29.05,789484
8/25/2014 16:00:00,29.16,29.17,28.87,28.93,1358810
8/26/2014 16:00:00,28.98,29.01,28.75,28.81,1635465
8/27/2014 16:00:00,28.78,28.85,28.43,28.47,1700161
8/28/2014 16:00:00,28.4,28.58,28.28,28.38,1295963
8/29/2014 16:00:00,28.49,28.52,28.28,28.5,1081231
9/2/2014 16:00:00,28.51,28.81,28.48,28.79,1576830
9/3/2014 16:00:00,28.92,29.07,28.67,28.82,1214586
9/4/2014 16:00:00,28.92,29.22,28.88,29.02,1459956
9/5/2014 16:00:00,29.12,29.25,29.02,29.22,1629477
9/8/2014 16:00:00,29.25,29.51,29.23,29.41,1429101
9/9/2014 16:00:00,29.36,29.37,28.92,28.97,1286722
9/10/2014 16:00:00,29,29.1,28.77,29.08,975145
9/11/2014 16:00:00,28.94,29.01,28.73,28.99,1217721
9/12/2014 16:00:00,28.97,29,28.64,28.7,1597677
9/15/2014 16:00:00,28.57,28.67,28.33,28.58,1596224
9/16/2014 16:00:00,28.56,29,28.55,28.92,1478306
9/17/2014 16:00:00,28.92,29.3,28.86,29.16,1690994
9/18/2014 16:00:00,29.27,29.4,29.17,29.38,1442012
9/19/2014 16:00:00,29.49,29.74,29.39,29.72,3727045
9/22/2014 16:00:00,29.61,29.62,29.09,29.29,1687710
9/23/2014 16:00:00,29.26,29.26,28.97,28.98,1467703
9/24/2014 16:00:00,28.99,29.4,28.95,29.32,1724537
9/25/2014 16:00:00,29.3,29.32,28.63,28.67,1925350
9/26/2014 16:00:00,28.72,28.88,28.65,28.78,1439807
9/29/2014 16:00:00,28.51,28.83,28.48,28.74,1281204
9/30/2014 16:00:00,28.77,28.91,28.56,28.79,1618437
10/1/2014 16:00:00,28.72,28.8,28.27,28.34,1445027
10/2/2014 16:00:00,28.29,28.52,28.09,28.43,1175307
10/3/2014 16:00:00,28.57,28.78,28.55,28.69,1138636
10/6/2014 16:00:00,28.86,28.97,28.64,28.79,1211320
10/7/2014 16:00:00,28.64,28.68,28.11,28.11,1906427
10/8/2014 16:00:00,28.2,28.62,27.8,28.55,1987888
10/9/2014 16:00:00,28.48,28.5,27.88,27.97,2519693
10/10/2014 16:00:00,27.81,28.18,27.13,27.15,3078634
10/13/2014 16:00:00,27.17,27.4,26.58,26.59,2578676
10/14/2014 16:00:00,26.87,27.28,26.59,26.82,2217230
10/15/2014 16:00:00,26.48,26.57,25.84,26.43,3712536
10/16/2014 16:00:00,25.88,26.4,25.68,26.15,3698423
10/17/2014 16:00:00,26.29,26.48,25.36,25.49,5530674
10/20/2014 16:00:00,25.4,26.02,25.34,25.97,2605505
10/21/2014 16:00:00,26.19,26.27,25.88,26.25,2332531
10/22/2014 16:00:00,26.42,26.92,26.37,26.56,2917183
10/23/2014 16:00:00,26.89,27.29,26.72,27.12,2345296
10/24/2014 16:00:00,27.14,27.17,26.72,26.92,1972047
10/27/2014 16:00:00,26.78,27.15,26.78,26.96,1184973
10/28/2014 16:00:00,27.08,27.37,27.01,27.37,1273372
10/29/2014 16:00:00,27.42,27.63,27.27,27.39,1767107
10/30/2014 16:00:00,27.37,27.56,27.1,27.44,1451667
10/31/2014 16:00:00,27.89,27.9,27.66,27.88,2032887
11/3/2014 16:00:00,27.7,27.82,27.59,27.69,1378511
11/4/2014 16:00:00,27.57,27.7,27.39,27.63,1240761
11/5/2014 16:00:00,27.76,27.76,27.13,27.22,2026740
11/6/2014 16:00:00,27.2,27.27,26.97,27.03,1329604
11/7/2014 16:00:00,27.24,27.24,26.86,26.98,1629259
11/10/2014 16:00:00,27,27.4,26.98,27.3,1131546
11/11/2014 16:00:00,27.35,27.52,27.24,27.44,964866
11/12/2014 16:00:00,27.44,27.45,27.18,27.29,1126594
11/13/2014 16:00:00,27.41,27.41,27.1,27.19,1335719
11/14/2014 16:00:00,27.26,27.26,27.03,27.15,1285991
11/17/2014 16:00:00,27.1,27.12,26.63,26.75,1721282
11/18/2014 16:00:00,26.8,27.02,26.64,26.68,1957664
11/19/2014 16:00:00,26.68,26.84,26.43,26.78,1388440
11/20/2014 16:00:00,26.49,26.68,26.48,26.67,1559131
11/21/2014 16:00:00,27.01,27.03,26.75,26.8,2218249
11/24/2014 16:00:00,26.81,27.06,26.71,26.89,1701682
11/25/2014 16:00:00,26.88,27.12,26.86,26.98,1784967
11/26/2014 16:00:00,26.97,27,26.78,26.94,1519503
11/28/2014 16:00:00,26.96,27.03,26.76,27.02,1145231
12/1/2014 16:00:00,26.87,27,26.52,26.62,2109599
12/2/2014 16:00:00,26.6,26.7,26.42,26.61,1522481
12/3/2014 16:00:00,26.5,26.73,26.39,26.49,1279288
12/4/2014 16:00:00,26.49,26.79,26.36,26.79,1392208
12/5/2014 16:00:00,26.48,26.57,26.14,26.19,2558649
12/8/2014 16:00:00,26.28,26.48,26.12,26.28,2327127
12/9/2014 16:00:00,26.04,26.64,25.95,26.6,1871268
12/10/2014 16:00:00,26.58,26.74,26.21,26.23,1716835
12/11/2014 16:00:00,26.32,26.62,26.28,26.34,1610964
12/12/2014 16:00:00,26.1,26.35,25.86,25.86,1989117
12/15/2014 16:00:00,26.07,26.08,25.59,25.62,2812786
12/16/2014 16:00:00,25.51,25.58,24.38,24.7,3953371
12/17/2014 16:00:00,24.78,25.28,24.77,25.18,2875281
12/18/2014 16:00:00,25.58,25.62,25.17,25.49,2918730
12/19/2014 16:00:00,25.51,25.82,25.28,25.75,3680148
12/22/2014 16:00:00,25.73,26.25,25.73,26.17,2723599
12/23/2014 16:00:00,26.28,26.65,26.24,26.46,2191567
12/24/2014 16:00:00,26.45,26.52,26.28,26.37,704035
12/26/2014 16:00:00,26.37,26.64,26.29,26.63,1037727
12/29/2014 16:00:00,26.54,26.7,26.43,26.44,2276104
12/30/2014 16:00:00,26.33,26.48,26.28,26.45,873923
12/31/2014 16:00:00,26.49,26.56,26.22,26.25,1371819
1/2/2015 16:00:00,26.38,26.49,26.13,26.17,1446662
1/5/2015 16:00:00,26.09,26.14,25.58,25.62,2054238
1/6/2015 16:00:00,25.68,25.74,24.98,25.03,2891950
1/7/2015 16:00:00,25.28,25.29,24.91,24.99,2059366
1/8/2015 16:00:00,24.83,25.11,24.48,25.07,3344395
1/9/2015 16:00:00,25.17,25.18,24.67,24.74,2065715
1/12/2015 16:00:00,24.68,24.73,24.31,24.56,2320446
1/13/2015 16:00:00,24.87,25.08,24.55,24.74,2365687
1/14/2015 16:00:00,24.66,25.09,24.58,24.97,2229638
1/15/2015 16:00:00,25.21,25.21,24.82,25.02,2711355
1/16/2015 16:00:00,24.93,25.34,24.93,25.33,2292043
1/20/2015 16:00:00,25.48,25.55,25.23,25.28,2225922
1/21/2015 16:00:00,25.29,25.89,25.24,25.83,2262455
1/22/2015 16:00:00,26,26.74,25.91,26.65,2669558
1/23/2015 16:00:00,26.71,27.03,26.58,26.92,2275485
1/26/2015 16:00:00,26.85,26.88,26.41,26.69,1539524
1/27/2015 16:00:00,26.43,26.46,25.84,25.86,1898844
1/28/2015 16:00:00,26.07,26.08,25.43,25.43,1679230
1/29/2015 16:00:00,25.48,25.48,24.99,25.46,4174924
1/30/2015 16:00:00,25.72,26.92,25.71,26.65,5590977
2/2/2015 16:00:00,26.51,26.58,25.86,26.35,2841976
2/3/2015 16:00:00,26.33,26.6,26.09,26.39,2033085
2/4/2015 16:00:00,26.39,26.56,25.99,26.07,1659125
2/5/2015 16:00:00,26.12,26.35,26.03,26.31,1844687
2/6/2015 16:00:00,26.31,26.79,26.25,26.48,1758650
2/9/2015 16:00:00,26.33,26.53,26.23,26.32,1264276
2/10/2015 16:00:00,26.39,26.81,26.27,26.77,1745076
2/11/2015 16:00:00,26.69,26.85,26.6,26.73,1373970
2/12/2015 16:00:00,26.79,27.17,26.66,27.07,1615824
2/13/2015 16:00:00,27.09,27.42,27.08,27.38,1895126
2/17/2015 16:00:00,27.27,27.42,26.98,27.07,1612439
2/18/2015 16:00:00,27,27.2,26.8,26.91,1449089
2/19/2015 16:00:00,26.83,27.08,26.83,27.07,987478
2/20/2015 16:00:00,27.08,27.11,26.72,26.87,1441212
2/23/2015 16:00:00,26.73,26.75,26.4,26.52,1453907
2/24/2015 16:00:00,26.43,26.77,26.34,26.73,1002393
2/25/2015 16:00:00,26.72,27.24,26.7,27.12,1821041
2/26/2015 16:00:00,27.09,27.73,27,27.7,2305219
2/27/2015 16:00:00,27.64,28.16,27.57,27.84,2403553
3/2/2015 16:00:00,27.95,28.53,27.86,28.49,2123796
3/3/2015 16:00:00,28.44,28.69,28.25,28.6,1700084
3/4/2015 16:00:00,28.52,28.78,28.32,28.59,1871694
3/5/2015 16:00:00,28.67,28.82,28.59,28.69,1385818
3/6/2015 16:00:00,28.67,28.76,28.26,28.31,1654561
3/9/2015 16:00:00,28.27,28.44,28.1,28.36,1059336
3/10/2015 16:00:00,28.14,28.17,27.66,27.67,1787357
3/11/2015 16:00:00,27.68,27.83,27.46,27.48,1815763
3/12/2015 16:00:00,27.6,27.74,27.45,27.7,1385772
3/13/2015 16:00:00,27.6,27.84,27.14,27.29,1698872
3/16/2015 16:00:00,27.47,27.77,27.23,27.65,1636493
3/17/2015 16:00:00,27.51,27.61,27.32,27.47,1800570
3/18/2015 16:00:00,27.55,27.91,27.28,27.9,2128714
3/19/2015 16:00:00,27.89,27.96,27.73,27.82,1194049
3/20/2015 16:00:00,28.01,28.01,27.88,27.94,2609690
3/23/2015 16:00:00,27.94,28.04,27.72,27.86,1639306
3/24/2015 16:00:00,28.05,28.65,27.98,28.43,2576234
3/25/2015 16:00:00,28.45,28.53,27.86,27.86,2146384
3/26/2015 16:00:00,27.8,27.87,27.46,27.68,1568331
3/27/2015 16:00:00,27.57,27.69,27.33,27.34,1892323
3/30/2015 16:00:00,27.51,27.6,27.33,27.53,1283958
3/31/2015 16:00:00,27.42,27.66,27.26,27.32,1583677
4/1/2015 16:00:00,27.35,27.48,26.9,27.05,1957718
4/2/2015 16:00:00,26.97,26.97,26.62,26.7,1711737
4/6/2015 16:00:00,26.54,26.85,26.41,26.76,1320767
4/7/2015 16:00:00,26.83,27.06,26.73,26.78,1299298
4/8/2015 16:00:00,26.85,27.12,26.85,27.01,1175332
4/9/2015 16:00:00,26.98,27.02,26.7,26.96,1553586
4/10/2015 16:00:00,27.04,27.04,26.79,26.93,1405574
4/13/2015 16:00:00,26.85,27.13,26.79,26.88,1640809
4/14/2015 16:00:00,26.74,26.8,26.33,26.45,2597043
4/15/2015 16:00:00,26.36,26.66,26.09,26.55,2312512
4/16/2015 16:00:00,26.42,26.71,26.41,26.62,1296304
4/17/2015 16:00:00,26.36,26.42,25.98,26.13,2145955
4/20/2015 16:00:00,26.21,26.73,26.15,26.7,1675487
4/21/2015 16:00:00,26.8,26.9,26.61,26.63,1839668
4/22/2015 16:00:00,26.65,26.98,26.51,26.89,1589248
4/23/2015 16:00:00,26.98,27.47,26.94,27.28,4173376
4/24/2015 16:00:00,28.23,28.48,27.79,28.18,4919031
4/27/2015 16:00:00,28.17,28.3,27.66,27.77,2398039
4/28/2015 16:00:00,27.73,27.8,27.52,27.68,1490983
4/29/2015 16:00:00,27.52,27.68,27.35,27.45,1698761
4/30/2015 16:00:00,27.39,27.43,26.75,26.87,2082214
5/1/2015 16:00:00,26.92,26.98,26.61,26.9,1768181
5/4/2015 16:00:00,26.93,27.2,26.75,27.04,1307960
5/5/2015 16:00:00,26.91,26.99,26.52,26.54,1383068
5/6/2015 16:00:00,26.56,26.62,26.05,26.21,1566987
5/7/2015 16:00:00,26.2,26.67,26.09,26.54,1546278
5/8/2015 16:00:00,26.83,27.06,26.8,26.91,1527615
5/11/2015 16:00:00,26.92,27.1,26.77,26.79,905285
5/12/2015 16:00:00,26.58,26.66,26.26,26.45,1634174
5/13/2015 16:00:00,26.53,26.72,26.43,26.48,1253063
5/14/2015 16:00:00,26.69,26.95,26.62,26.92,1403935
5/15/2015 16:00:00,26.96,26.96,26.52,26.69,1971343
5/18/2015 16:00:00,26.6,26.74,26.44,26.62,2003421
5/19/2015 16:00:00,26.7,27.03,26.65,26.87,1966947
5/20/2015 16:00:00,26.92,27.15,26.65,26.96,1430826
5/21/2015 16:00:00,26.9,27.19,26.8,27.13,1462695
5/22/2015 16:00:00,27.01,27.21,26.98,27.01,1176214
5/26/2015 16:00:00,26.91,26.95,26.49,26.62,2406512
5/27/2015 16:00:00,26.64,27.03,26.59,26.99,1525019
5/28/2015 16:00:00,26.9,27.03,26.81,26.99,1029849
5/29/2015 16:00:00,26.87,26.93,26.57,26.61,2597407
6/1/2015 16:00:00,26.84,26.84,26.49,26.7,1904332
6/2/2015 16:00:00,26.65,27.15,26.57,26.96,1938989
6/3/2015 16:00:00,27,27.18,26.86,27.02,1717036
6/4/2015 16:00:00,26.89,27.03,26.72,26.84,1348337
6/5/2015 16:00:00,26.82,26.86,26.63,26.67,1388220
6/8/2015 16:00:00,26.67,26.71,26.31,26.34,1524139
6/9/2015 16:00:00,26.38,26.46,26.15,26.33,1455266
6/10/2015 16:00:00,26.47,26.92,26.47,26.83,1814958
6/11/2015 16:00:00,26.92,26.95,26.65,26.73,1217536
6/12/2015 16:00:00,26.58,26.66,26.51,26.62,955789
6/15/2015 16:00:00,26.4,26.42,26.2,26.36,1632702
6/16/2015 16:00:00,26.42,26.48,26.28,26.41,1071814
6/17/2015 16:00:00,26.47,26.55,26.26,26.46,1294216
6/18/2015 16:00:00,26.55,26.91,26.54,26.84,1833109
6/19/2015 16:00:00,26.86,26.91,26.65,26.83,1893497
6/22/2015 16:00:00,26.98,27.19,26.88,26.91,1250282
6/23/2015 16:00:00,26.98,27.07,26.76,27.02,1197450
6/24/2015 16:00:00,27,27,26.78,26.89,1286608
6/25/2015 16:00:00,26.94,27.05,26.76,26.76,1335697
6/26/2015 16:00:00,26.86,26.89,26.57,26.58,2109130
6/29/2015 16:00:00,26.25,26.43,26.03,26.08,1937821
6/30/2015 16:00:00,26.3,26.31,26.03,26.03,2235595
7/1/2015 16:00:00,26.24,26.28,25.91,26.09,1961354
7/2/2015 16:00:00,26.05,26.23,26.05,26.17,1235903
7/6/2015 16:00:00,25.98,26.26,25.95,26.14,1280525
7/7/2015 16:00:00,26.16,26.31,25.76,26.25,1597229
7/8/2015 16:00:00,26.05,26.14,25.81,25.84,1296699
7/9/2015 16:00:00,26.16,26.19,26.02,26.03,1842347
7/10/2015 16:00:00,26.31,26.63,26.28,26.51,1956682
7/13/2015 16:00:00,26.64,27.36,26.62,27.33,2206475
7/14/2015 16:00:00,27.34,28.29,27.34,28.06,3244066
7/15/2015 16:00:00,28.01,28.33,27.84,28.01,1784554
7/16/2015 16:00:00,28.26,29.03,28.25,28.99,4768318
7/17/2015 16:00:00,32.45,33.72,32.25,33.65,11164943
7/20/2015 16:00:00,32.96,33.44,32.65,33.15,5860872
7/21/2015 16:00:00,32.76,33.65,32.72,33.12,3377196
7/22/2015 16:00:00,33.04,33.93,32.95,33.1,3929309
7/23/2015 16:00:00,33.06,33.18,32.05,32.21,3029109
7/24/2015 16:00:00,32.35,32.41,31.13,31.18,3625747
7/27/2015 16:00:00,31.05,31.72,31.03,31.36,2675381
7/28/2015 16:00:00,31.64,31.64,31.17,31.4,1727327
7/29/2015 16:00:00,31.44,31.67,31.13,31.6,1575069
7/30/2015 16:00:00,31.5,31.76,31.1,31.63,1474203
7/31/2015 16:00:00,31.57,31.65,31.28,31.28,1706149
8/3/2015 16:00:00,31.27,31.65,31.27,31.56,1304511
8/4/2015 16:00:00,31.42,31.74,31.36,31.46,1490881
8/5/2015 16:00:00,31.72,32.39,31.66,32.19,2334266
8/6/2015 16:00:00,32.25,32.27,31.61,32.13,1572600
8/7/2015 16:00:00,32.01,32.13,31.49,31.77,1403865
8/10/2015 16:00:00,31.97,32.17,31.56,31.69,1809205
8/11/2015 16:00:00,33.46,33.74,32.71,33.04,5029203
8/12/2015 16:00:00,33.15,33.25,32.61,32.98,2940803
8/13/2015 16:00:00,32.97,33.23,32.58,32.82,1810749
8/14/2015 16:00:00,32.75,32.99,32.63,32.86,1072061
8/17/2015 16:00:00,32.84,33.07,32.56,33.04,1051699
8/18/2015 16:00:00,33.1,33.2,32.67,32.81,1456059
8/19/2015 16:00:00,32.83,33.35,32.71,33.05,2134098
8/20/2015 16:00:00,32.77,33.15,32.15,32.34,2855299
8/21/2015 16:00:00,31.99,32,30.62,30.62,4265183
8/24/2015 16:00:00,28.65,30.7,28.25,29.48,5770302
8/25/2015 16:00:00,30.75,30.87,29.06,29.1,3537966
8/26/2015 16:00:00,30.52,31.59,29.95,31.43,4235891
8/27/2015 16:00:00,31.97,32.18,31.1,31.88,3491336
8/28/2015 16:00:00,31.64,31.84,31.23,31.52,1978733
8/31/2015 16:00:00,31.38,31.79,30.88,30.91,2176737
9/1/2015 16:00:00,30.12,30.64,29.71,29.89,3702105
9/2/2015 16:00:00,30.28,30.72,29.99,30.72,2575620
9/3/2015 16:00:00,30.85,30.99,30.14,30.31,1759572
9/4/2015 16:00:00,30,30.17,29.76,30.04,2089453
9/8/2015 16:00:00,30.62,30.82,30.21,30.73,2279538
9/9/2015 16:00:00,31.06,31.33,30.48,30.64,1702094
9/10/2015 16:00:00,30.66,31.21,30.57,31.07,1905276
9/11/2015 16:00:00,30.99,31.29,30.87,31.29,1373545
9/14/2015 16:00:00,31.29,31.29,30.97,31.16,1702271
9/15/2015 16:00:00,31.34,31.94,31.19,31.76,2084397
9/16/2015 16:00:00,31.77,31.9,31.62,31.8,1286454
9/17/2015 16:00:00,31.89,32.55,31.75,32.15,2274690
9/18/2015 16:00:00,31.84,32,31.35,31.46,5133386
9/21/2015 16:00:00,31.72,31.82,31.3,31.77,1788506
9/22/2015 16:00:00,31.35,31.38,30.77,31.13,2562869
9/23/2015 16:00:00,31.1,31.45,31,31.12,1470949
9/24/2015 16:00:00,30.83,31.37,30.62,31.29,2240098
9/25/2015 16:00:00,31.49,31.49,30.55,30.6,2174009
9/28/2015 16:00:00,30.52,30.73,29.47,29.74,3127667
9/29/2015 16:00:00,29.86,30.25,29.51,29.75,2310284
9/30/2015 16:00:00,30.16,30.44,30.04,30.42,2413441
10/1/2015 16:00:00,30.42,30.6,29.99,30.56,1867601
10/2/2015 16:00:00,30.36,31.37,30.16,31.35,2684805
10/5/2015 16:00:00,31.6,32.15,31.35,32.07,1803643
10/6/2015 16:00:00,31.94,32.46,31.83,32.27,2236847
10/7/2015 16:00:00,32.46,32.53,31.61,32.12,2092714
10/8/2015 16:00:00,32.07,32.22,31.28,31.96,2182081
10/9/2015 16:00:00,32,32.3,31.77,32.18,1648736
10/12/2015 16:00:00,32.1,32.42,31.95,32.33,1276134
10/13/2015 16:00:00,32.16,32.89,32.16,32.62,1807685
10/14/2015 16:00:00,32.66,32.97,32.44,32.56,1415468
10/15/2015 16:00:00,32.73,33.16,32.72,33.09,1885737
10/16/2015 16:00:00,33.21,33.25,32.86,33.11,1611128
10/19/2015 16:00:00,33.06,33.34,32.98,33.31,1477340
10/20/2015 16:00:00,33.2,33.24,32.21,32.51,2498215
10/21/2015 16:00:00,32.71,32.79,32.09,32.13,1794172
10/22/2015 16:00:00,32.34,32.89,32.2,32.59,4070954
10/23/2015 16:00:00,36.38,36.5,35.08,35.1,6653923
10/26/2015 16:00:00,35.08,35.96,35.06,35.64,2716615
10/27/2015 16:00:00,35.37,35.68,35.23,35.42,2245796
10/28/2015 16:00:00,35.37,35.65,35.15,35.65,2178917
10/29/2015 16:00:00,35.53,35.91,35.5,35.85,1455965
10/30/2015 16:00:00,35.79,35.9,35.5,35.54,1908774
11/2/2015 16:00:00,35.55,36.08,35.29,36.06,1886250
11/3/2015 16:00:00,35.94,36.23,35.74,36.11,1565379
11/4/2015 16:00:00,36.1,36.66,36.1,36.41,1706700
11/5/2015 16:00:00,36.47,36.97,36.47,36.56,1861550
11/6/2015 16:00:00,36.58,36.77,36.35,36.69,1511599
11/9/2015 16:00:00,36.51,36.74,35.97,36.24,2069807
11/10/2015 16:00:00,36.22,36.53,35.93,36.42,1607994
11/11/2015 16:00:00,36.62,37.05,36.51,36.77,1366995
11/12/2015 16:00:00,36.55,36.89,36.43,36.56,1837154
11/13/2015 16:00:00,36.46,36.56,35.84,35.85,2075504
11/16/2015 16:00:00,35.78,36.47,35.57,36.45,1905893
11/17/2015 16:00:00,36.46,36.59,36.15,36.27,1510903
11/18/2015 16:00:00,36.38,37.07,36.35,37,1684259
11/19/2015 16:00:00,36.94,37.1,36.87,36.92,1327879
11/20/2015 16:00:00,37.33,37.9,37.15,37.83,2213284
11/23/2015 16:00:00,37.87,38.14,37.59,37.8,1415385
11/24/2015 16:00:00,37.6,37.76,36.88,37.41,2334197
11/25/2015 16:00:00,37.41,37.6,37.3,37.41,1122224
11/27/2015 16:00:00,37.42,37.67,37.37,37.51,838528
11/30/2015 16:00:00,37.44,37.75,37.06,37.13,2097624
12/1/2015 16:00:00,37.36,38.45,37.34,38.35,2134621
12/2/2015 16:00:00,38.45,38.8,37.95,38.12,2230373
12/3/2015 16:00:00,38.3,38.45,37.28,37.63,2590641
12/4/2015 16:00:00,37.66,38.42,37.5,38.34,2757283
12/7/2015 16:00:00,38.39,38.44,37.75,38.16,1812314
12/8/2015 16:00:00,37.89,38.24,37.71,38.12,1829475
12/9/2015 16:00:00,37.96,38.21,36.85,37.58,2699990
12/10/2015 16:00:00,37.64,37.79,37.19,37.47,1988380
12/11/2015 16:00:00,37.06,37.29,36.84,36.94,2224410
12/14/2015 16:00:00,37.09,37.44,36.21,37.39,2421236
12/15/2015 16:00:00,37.65,37.9,37.15,37.17,2666229
12/16/2015 16:00:00,37.5,38.03,36.97,37.9,1993251
12/17/2015 16:00:00,38.12,38.13,37.45,37.47,1553418
12/18/2015 16:00:00,37.33,37.71,36.91,36.97,3148743
12/21/2015 16:00:00,37.31,37.5,37,37.39,1525703
12/22/2015 16:00:00,37.58,37.74,37.28,37.5,1365520
12/23/2015 16:00:00,37.67,37.71,37.2,37.52,1566726
12/24/2015 16:00:00,37.48,37.57,37.33,37.42,527223
12/28/2015 16:00:00,37.65,38.15,37.48,38.13,1515716
12/29/2015 16:00:00,38.33,39,38.32,38.83,1765012
12/30/2015 16:00:00,38.83,38.88,38.35,38.55,1293521
12/31/2015 16:00:00,38.48,38.48,37.92,37.94,1500923
1/4/2016 16:00:00,37.15,37.2,36.56,37.09,3272776
1/5/2016 16:00:00,37.32,37.6,36.93,37.13,1950691
1/6/2016 16:00:00,36.5,37.36,36.45,37.18,1947034
1/7/2016 16:00:00,36.52,36.92,35.95,36.32,2963741
1/8/2016 16:00:00,36.57,36.66,35.65,35.72,2450857
1/11/2016 16:00:00,35.83,35.94,35.18,35.8,2090621
1/12/2016 16:00:00,36.08,36.44,35.87,36.3,2024509
1/13/2016 16:00:00,36.54,36.74,34.93,35.03,2501730
1/14/2016 16:00:00,35.27,36.1,34.46,35.74,2225768
1/15/2016 16:00:00,34.61,35.34,34.27,34.72,3608109
1/19/2016 16:00:00,35.17,35.5,34.67,35.09,2268078
1/20/2016 16:00:00,34.43,35.34,33.66,34.92,3444962
1/21/2016 16:00:00,35.11,35.96,34.72,35.33,2412211
1/22/2016 16:00:00,36.18,36.41,36.01,36.26,2011797
1/25/2016 16:00:00,36.18,36.48,35.5,35.58,1711716
1/26/2016 16:00:00,35.69,35.91,35.32,35.65,1331691
1/27/2016 16:00:00,35.68,35.91,34.72,35,2194227
1/28/2016 16:00:00,36.11,36.68,35.62,36.55,2676397
1/29/2016 16:00:00,36.58,37.25,36.34,37.15,3474319
2/1/2016 16:00:00,37.52,37.89,37.16,37.6,5139157
2/2/2016 16:00:00,39.23,39.49,38.23,38.23,6348126
2/3/2016 16:00:00,38.51,38.73,36.03,36.35,6171019
2/4/2016 16:00:00,36.14,36.35,35.09,35.4,5168709
2/5/2016 16:00:00,35.19,35.2,34.01,34.18,5105725
2/8/2016 16:00:00,33.39,34.2,33.15,34.14,4247355
2/9/2016 16:00:00,33.62,34.99,33.44,33.91,3608914
2/10/2016 16:00:00,34.34,35.07,34.11,34.21,2638007
2/11/2016 16:00:00,33.75,34.47,33.44,34.16,3024043
2/12/2016 16:00:00,34.51,34.69,33.93,34.12,2141373
2/16/2016 16:00:00,34.65,34.9,34.25,34.55,2520021
2/17/2016 16:00:00,34.95,35.49,34.57,35.42,2492634
2/18/2016 16:00:00,35.5,35.62,34.8,34.87,1883248
2/19/2016 16:00:00,34.75,35.15,34.7,35.05,1589281
2/22/2016 16:00:00,35.37,35.66,35.13,35.32,1949816
2/23/2016 16:00:00,35.07,35.42,34.68,34.79,2009280
2/24/2016 16:00:00,34.45,35,34.04,34.98,1963573
2/25/2016 16:00:00,35,35.3,34.53,35.29,1642166
2/26/2016 16:00:00,35.43,35.67,35.04,35.25,2243522
2/29/2016 16:00:00,35.02,35.54,34.88,34.89,2481145
3/1/2016 16:00:00,35.18,35.94,34.99,35.94,2151419
3/2/2016 16:00:00,35.95,36,35.6,35.94,1629003
3/3/2016 16:00:00,35.93,35.97,35.3,35.62,1957974
3/4/2016 16:00:00,35.75,35.82,35.3,35.54,1972077
3/7/2016 16:00:00,35.35,35.4,34.35,34.76,2988026
3/8/2016 16:00:00,34.43,35.19,34.27,34.7,2076331
3/9/2016 16:00:00,34.92,35.28,34.7,35.26,1421515
3/10/2016 16:00:00,35.41,35.82,35.17,35.64,2833525
3/11/2016 16:00:00,36,36.35,35.86,36.34,1970815
3/14/2016 16:00:00,36.34,36.78,36.26,36.52,1718252
3/15/2016 16:00:00,36.35,36.61,36.24,36.42,1720965
3/16/2016 16:00:00,36.32,36.87,36.23,36.8,1624370
3/17/2016 16:00:00,36.82,37.15,36.8,36.89,1860834
3/18/2016 16:00:00,37.09,37.1,36.59,36.88,2980709
3/21/2016 16:00:00,36.83,37.13,36.68,37.1,1836503
3/22/2016 16:00:00,36.87,37.25,36.87,37.04,1269749
3/23/2016 16:00:00,37.12,37.29,36.81,36.9,1432099
3/24/2016 16:00:00,36.6,36.89,36.55,36.77,1594891
3/28/2016 16:00:00,36.84,36.95,36.63,36.68,1301327
3/29/2016 16:00:00,36.73,37.36,36.44,37.24,1903758
3/30/2016 16:00:00,37.51,37.89,37.44,37.53,1782427
3/31/2016 16:00:00,37.46,37.54,37.05,37.25,1718798
4/1/2016 16:00:00,36.93,37.52,36.85,37.5,1576745
4/4/2016 16:00:00,37.5,37.64,37.12,37.26,1134390
4/5/2016 16:00:00,36.9,37.14,36.77,36.89,1132294
4/6/2016 16:00:00,36.79,37.31,36.78,37.28,1053713
4/7/2016 16:00:00,37.27,37.35,36.81,37.01,1453185
4/8/2016 16:00:00,37.2,37.27,36.78,36.96,1290787
4/11/2016 16:00:00,37.15,37.25,36.8,36.81,1220088
4/12/2016 16:00:00,36.9,37.19,36.55,37.15,1352992
4/13/2016 16:00:00,37.46,37.72,37.21,37.59,1707641
4/14/2016 16:00:00,37.7,37.87,37.64,37.66,1135271
4/15/2016 16:00:00,37.7,38.05,37.63,37.95,1809332
4/18/2016 16:00:00,38.02,38.4,37.87,38.33,1558848
4/19/2016 16:00:00,38.48,38.49,37.47,37.7,2030526
4/20/2016 16:00:00,37.9,37.91,37.5,37.63,1529217
4/21/2016 16:00:00,37.77,38.02,37.48,37.96,3060490
4/22/2016 16:00:00,36.32,36.81,35.68,35.94,5951938
4/25/2016 16:00:00,35.81,36.2,35.78,36.16,1959179
4/26/2016 16:00:00,36.27,36.29,35.15,35.41,2744587
4/27/2016 16:00:00,35.36,35.45,34.62,35.29,3098587
4/28/2016 16:00:00,35.41,35.71,34.48,34.55,2867255
4/29/2016 16:00:00,34.53,34.88,34.45,34.65,2487673
5/2/2016 16:00:00,34.88,35.03,34.55,34.91,1645265
5/3/2016 16:00:00,34.84,34.89,34.6,34.62,1543785
5/4/2016 16:00:00,34.52,34.99,34.45,34.78,1693525
5/5/2016 16:00:00,34.89,35.12,34.79,35.07,1683507
5/6/2016 16:00:00,34.92,35.59,34.91,35.56,1829291
5/9/2016 16:00:00,35.6,35.94,35.5,35.65,1510289
5/10/2016 16:00:00,35.84,36.17,35.79,36.16,1569591
5/11/2016 16:00:00,36.17,36.22,35.64,35.76,1692063
5/12/2016 16:00:00,35.85,35.96,35.45,35.67,1361332
5/13/2016 16:00:00,35.6,35.83,35.46,35.54,1314499
5/16/2016 16:00:00,35.46,35.92,35.28,35.82,1317069
5/17/2016 16:00:00,35.8,36.08,35.21,35.31,2001225
5/18/2016 16:00:00,35.18,35.58,35.03,35.33,1766836
5/19/2016 16:00:00,35.12,35.3,34.84,35.02,1670234
5/20/2016 16:00:00,35.08,35.73,35.03,35.49,1828387
5/23/2016 16:00:00,35.33,35.57,35.21,35.21,1330692
5/24/2016 16:00:00,35.34,36.05,35.34,36,1929467
5/25/2016 16:00:00,36.04,36.38,35.99,36.26,1632564
5/26/2016 16:00:00,36.14,36.42,36.01,36.21,1576286
5/27/2016 16:00:00,36.2,36.7,36.2,36.63,1974962
5/31/2016 16:00:00,36.59,36.99,36.56,36.79,2129545
6/1/2016 16:00:00,36.73,36.86,36.53,36.71,1253593
6/2/2016 16:00:00,36.63,36.65,36.21,36.52,1341807
6/3/2016 16:00:00,36.46,36.47,36.03,36.12,1226253
6/6/2016 16:00:00,36.25,36.25,35.73,35.83,1566059
6/7/2016 16:00:00,35.99,36.1,35.83,35.83,1336754
6/8/2016 16:00:00,36.2,36.43,36.03,36.41,1583701
6/9/2016 16:00:00,36.14,36.48,36.12,36.43,988914
6/10/2016 16:00:00,35.97,36.29,35.82,35.97,1216443
6/13/2016 16:00:00,35.83,36.27,35.83,35.92,1258930
6/14/2016 16:00:00,35.82,36.12,35.66,35.91,1306065
6/15/2016 16:00:00,35.95,36.15,35.87,35.95,1214517
6/16/2016 16:00:00,35.75,35.83,35.16,35.52,1982471
6/17/2016 16:00:00,35.43,35.44,34.42,34.59,3402357
6/20/2016 16:00:00,34.94,35.12,34.67,34.69,2082538
6/21/2016 16:00:00,34.92,35.14,34.6,34.8,1465634
6/22/2016 16:00:00,34.95,35.04,34.65,34.87,1184318
6/23/2016 16:00:00,34.87,35.1,34.35,35.09,2171415
6/24/2016 16:00:00,33.76,34.47,33.67,33.76,4449022
6/27/2016 16:00:00,33.55,33.62,33.16,33.41,2641085
6/28/2016 16:00:00,33.95,34.02,33.65,34,2173762
6/29/2016 16:00:00,34.15,34.37,34.07,34.21,1932561
6/30/2016 16:00:00,34.27,34.62,34.18,34.6,1597714
7/1/2016 16:00:00,34.61,35.03,34.61,34.96,1344710
7/5/2016 16:00:00,34.8,34.85,34.44,34.72,1462616
7/6/2016 16:00:00,34.5,35.08,34.45,34.89,1411925
7/7/2016 16:00:00,34.9,34.91,34.41,34.77,1304200
7/8/2016 16:00:00,34.98,35.29,34.82,35.28,1575166
7/11/2016 16:00:00,35.4,35.83,35.36,35.75,1111762
7/12/2016 16:00:00,35.96,36.15,35.8,36.03,1336921
7/13/2016 16:00:00,36.18,36.2,35.84,35.85,935876
7/14/2016 16:00:00,36.08,36.11,35.9,36.05,950193
7/15/2016 16:00:00,36.29,36.29,35.95,35.99,1279339
7/18/2016 16:00:00,36.14,36.81,36.06,36.69,1295476
7/19/2016 16:00:00,36.49,36.85,36.45,36.85,1227486
7/20/2016 16:00:00,36.87,37.11,36.85,37.06,1289671
7/21/2016 16:00:00,37.02,37.08,36.79,36.93,1026306
7/22/2016 16:00:00,37.09,37.16,36.83,37.14,1259823
7/25/2016 16:00:00,37.03,37.13,36.88,36.99,1032432
7/26/2016 16:00:00,36.95,37.08,36.71,36.92,1186738
7/27/2016 16:00:00,36.91,37.22,36.85,37.09,1512517
7/28/2016 16:00:00,37.35,37.43,36.97,37.3,3530169
7/29/2016 16:00:00,38.64,38.93,38.34,38.44,3841482
8/1/2016 16:00:00,38.05,39.02,38.05,38.64,2700470
8/2/2016 16:00:00,38.43,38.79,38.39,38.55,1784525
8/3/2016 16:00:00,38.36,38.66,38.34,38.66,1287421
8/4/2016 16:00:00,38.61,38.7,38.44,38.58,1140254
8/5/2016 16:00:00,38.69,39.15,38.62,39.11,1801205
8/8/2016 16:00:00,39.1,39.13,38.9,39.09,1107857
8/9/2016 16:00:00,39.06,39.45,39.03,39.21,1318894
8/10/2016 16:00:00,39.19,39.34,39.14,39.23,786363
8/11/2016 16:00:00,39.25,39.49,39.15,39.24,975113
8/12/2016 16:00:00,39.08,39.17,39.02,39.16,740498
8/15/2016 16:00:00,39.19,39.37,39.01,39.12,938186
8/16/2016 16:00:00,39.02,39.05,38.67,38.86,1028047
8/17/2016 16:00:00,38.87,39.04,38.68,39,924226
8/18/2016 16:00:00,39,39.14,38.85,38.88,719429
8/19/2016 16:00:00,38.75,38.85,38.66,38.77,861546
8/22/2016 16:00:00,38.66,38.73,38.5,38.61,951362
8/23/2016 16:00:00,38.77,38.82,38.59,38.6,928232
8/24/2016 16:00:00,38.53,38.73,38.35,38.48,1071999
8/25/2016 16:00:00,38.35,38.59,38.16,38.47,926883
8/26/2016 16:00:00,38.45,38.8,38.29,38.48,1166681
8/29/2016 16:00:00,38.44,38.75,38.33,38.61,847565
8/30/2016 16:00:00,38.47,38.72,38.34,38.45,1130029
8/31/2016 16:00:00,38.35,38.45,38.27,38.35,1248556
9/1/2016 16:00:00,38.46,38.55,38.22,38.44,925131
9/2/2016 16:00:00,38.65,38.7,38.42,38.57,1072658
9/6/2016 16:00:00,38.67,39.1,38.55,39,1442822
9/7/2016 16:00:00,39,39.14,38.81,39.02,894021
9/8/2016 16:00:00,38.93,39.02,38.68,38.77,1270264
9/9/2016 16:00:00,38.51,38.66,37.98,37.98,1885496
9/12/2016 16:00:00,37.76,38.51,37.7,38.45,1310986
9/13/2016 16:00:00,38.22,38.31,37.79,37.98,1395046
9/14/2016 16:00:00,37.98,38.38,37.96,38.12,1094490
9/15/2016 16:00:00,38.14,38.69,38,38.59,1346751
9/16/2016 16:00:00,38.49,38.49,38.23,38.44,2049338
9/19/2016 16:00:00,38.62,38.7,38.22,38.28,1172824
9/20/2016 16:00:00,38.45,38.67,38.43,38.57,978631
9/21/2016 16:00:00,38.63,38.86,38.42,38.81,1167810
9/22/2016 16:00:00,39,39.49,38.92,39.36,1486223
9/23/2016 16:00:00,39.33,39.45,39.21,39.35,1411937
9/26/2016 16:00:00,39.14,39.14,38.65,38.71,1533206
9/27/2016 16:00:00,38.78,39.3,38.72,39.15,1153247
9/28/2016 16:00:00,38.89,39.09,38.75,39.08,1109834
9/29/2016 16:00:00,39.07,39.29,38.71,38.75,1314746
9/30/2016 16:00:00,38.82,39.05,38.7,38.86,1585333
10/3/2016 16:00:00,38.71,38.8,38.48,38.63,1278821
10/4/2016 16:00:00,38.8,38.94,38.64,38.82,1201350
10/5/2016 16:00:00,38.97,39.1,38.78,38.82,1461151
10/6/2016 16:00:00,38.95,39.02,38.78,38.84,1070692
10/7/2016 16:00:00,38.98,38.98,38.54,38.75,933158
10/10/2016 16:00:00,38.89,39.47,38.79,39.3,1174923
10/11/2016 16:00:00,39.33,39.61,39.03,39.15,1372461
10/12/2016 16:00:00,39.19,39.41,39.1,39.31,937435
10/13/2016 16:00:00,39.06,39.06,38.65,38.91,1365277
10/14/2016 16:00:00,39.08,39.2,38.8,38.93,852487
10/17/2016 16:00:00,38.99,39.29,38.88,39,1092973
10/18/2016 16:00:00,39.39,40.08,39.28,39.76,2056903
10/19/2016 16:00:00,39.94,40.23,39.88,40.08,1766798
10/20/2016 16:00:00,40.17,40.2,39.8,39.85,1757528
10/21/2016 16:00:00,39.75,39.98,39.7,39.97,1266181
10/24/2016 16:00:00,40.24,40.76,40.24,40.66,1697514
10/25/2016 16:00:00,40.83,40.83,40.26,40.38,1576404
10/26/2016 16:00:00,40.32,40.35,39.82,39.95,1647733
10/27/2016 16:00:00,40.05,40.17,39.58,39.77,2749221
10/28/2016 16:00:00,40.42,40.77,39.68,39.77,4269902
10/31/2016 16:00:00,39.77,39.84,39.2,39.23,2427284
11/1/2016 16:00:00,39.14,39.47,38.78,39.18,2406356
11/2/2016 16:00:00,38.91,39.08,38.17,38.44,1918414
11/3/2016 16:00:00,38.36,38.5,37.95,38.11,1943175
11/4/2016 16:00:00,37.53,38.52,37.53,38.1,2134812
11/7/2016 16:00:00,38.73,39.26,38.63,39.13,1585070
11/8/2016 16:00:00,39.17,39.78,39.01,39.53,1366873
11/9/2016 16:00:00,39,39.56,38.58,39.27,2607121
11/10/2016 16:00:00,39.56,39.56,37.61,38.13,4745183
11/11/2016 16:00:00,37.83,38.04,37.52,37.7,2431815
11/14/2016 16:00:00,37.78,37.89,36.38,36.8,3654385
11/15/2016 16:00:00,37.35,38.22,37.35,37.92,2384001
11/16/2016 16:00:00,37.76,38.32,37.53,38.22,1472594
11/17/2016 16:00:00,38.35,38.64,38.21,38.56,1304048
11/18/2016 16:00:00,38.57,38.75,38,38.03,1547145
11/21/2016 16:00:00,38.13,38.49,38.03,38.46,1330639
11/22/2016 16:00:00,38.63,38.85,38.35,38.41,1593108
11/23/2016 16:00:00,38.39,38.41,37.76,38.05,1478417
11/25/2016 16:00:00,38.21,38.25,38.03,38.08,587421
11/28/2016 16:00:00,38,38.98,37.99,38.41,2188151
11/29/2016 16:00:00,38.58,38.92,38.41,38.54,1616618
11/30/2016 16:00:00,38.5,38.65,37.74,37.9,2392890
12/1/2016 16:00:00,37.87,37.99,36.85,37.4,3017947
12/2/2016 16:00:00,37.23,37.7,37.16,37.53,1452484
12/5/2016 16:00:00,37.89,38.2,37.65,38.13,1394223
12/6/2016 16:00:00,38.24,38.44,37.87,37.96,1690689
12/7/2016 16:00:00,38.05,38.57,37.79,38.56,1760966
12/8/2016 16:00:00,38.62,38.91,38.36,38.82,1488059
12/9/2016 16:00:00,39,39.47,38.95,39.46,1821914
12/12/2016 16:00:00,39.25,39.56,39.22,39.46,2104117
12/13/2016 16:00:00,39.7,40.22,39.67,39.81,2145209
12/14/2016 16:00:00,39.87,40.2,39.7,39.85,1704150
12/15/2016 16:00:00,39.87,40.15,39.65,39.89,1626499
12/16/2016 16:00:00,40.02,40.04,39.51,39.54,2443796
12/19/2016 16:00:00,39.51,39.88,39.31,39.71,1232087
12/20/2016 16:00:00,39.84,39.93,39.66,39.82,951014
12/21/2016 16:00:00,39.79,39.83,39.35,39.73,1211346
12/22/2016 16:00:00,39.62,39.67,39.43,39.56,972169
12/23/2016 16:00:00,39.55,39.64,39.36,39.5,623944
12/27/2016 16:00:00,39.53,39.89,39.38,39.58,789321
12/28/2016 16:00:00,39.69,39.71,39.16,39.25,1153824
12/29/2016 16:00:00,39.17,39.3,38.95,39.14,744272
12/30/2016 16:00:00,39.14,39.14,38.52,38.59,1769950
1/3/2017 16:00:00,38.94,39.48,38.79,39.31,1657268
1/4/2017 16:00:00,39.42,39.57,39.16,39.35,1072958
1/5/2017 16:00:00,39.3,39.72,39.25,39.7,1335167
1/6/2017 16:00:00,39.76,40.4,39.61,40.31,1640170
1/9/2017 16:00:00,40.32,40.5,40.14,40.33,1274645
1/10/2017 16:00:00,40.39,40.46,40.18,40.24,1176780
1/11/2017 16:00:00,40.25,40.41,40.07,40.4,1065936
1/12/2017 16:00:00,40.36,40.37,39.96,40.32,1353057
1/13/2017 16:00:00,40.37,40.56,40.33,40.39,1099215
1/17/2017 16:00:00,40.35,40.36,40.02,40.23,1362115
1/18/2017 16:00:00,40.29,40.31,40.05,40.3,1294407
1/19/2017 16:00:00,40.26,40.47,40.09,40.11,919325
1/20/2017 16:00:00,40.35,40.35,40.08,40.25,1670045
1/23/2017 16:00:00,40.36,41.04,40.19,40.97,1963628
1/24/2017 16:00:00,41.12,41.3,40.89,41.19,1474010
1/25/2017 16:00:00,41.48,41.79,41.25,41.78,1627304
1/26/2017 16:00:00,41.89,41.9,41.35,41.61,2973891
1/27/2017 16:00:00,41.74,42.1,41.02,41.17,2965771
1/30/2017 16:00:00,40.73,40.79,39.99,40.12,3246573
1/31/2017 16:00:00,39.84,40.06,39.53,39.84,2160556
2/1/2017 16:00:00,39.98,40.06,39.56,39.78,2029744
2/2/2017 16:00:00,39.69,40.14,39.6,39.93,1532138
2/3/2017 16:00:00,40.15,40.3,40.02,40.07,1463448
2/6/2017 16:00:00,39.99,40.08,39.76,40.07,1184483
2/7/2017 16:00:00,40.2,40.53,40.09,40.35,1241221
2/8/2017 16:00:00,40.35,40.59,40.16,40.42,1155990
2/9/2017 16:00:00,40.48,40.53,40.23,40.48,990391
2/10/2017 16:00:00,40.59,40.76,40.49,40.68,1134976
2/13/2017 16:00:00,40.8,41.05,40.77,40.96,1213324
2/14/2017 16:00:00,40.95,41.15,40.8,41.02,1054732
2/15/2017 16:00:00,40.97,41.15,40.92,40.95,1313617
2/16/2017 16:00:00,41,41.22,40.95,41.21,1287626
2/17/2017 16:00:00,41.15,41.4,41.08,41.4,1611039
2/21/2017 16:00:00,41.43,41.67,41.42,41.58,1262337
2/22/2017 16:00:00,41.43,41.66,41.43,41.54,987248
2/23/2017 16:00:00,41.51,41.62,41.14,41.57,1472771
2/24/2017 16:00:00,41.39,41.45,41.21,41.43,1392202
2/27/2017 16:00:00,41.23,41.53,41.2,41.46,1101466
2/28/2017 16:00:00,41.28,41.43,41.01,41.16,2260769
3/1/2017 16:00:00,41.44,41.81,41.36,41.76,1496540
3/2/2017 16:00:00,41.69,41.73,41.48,41.53,942476
3/3/2017 16:00:00,41.53,41.57,41.29,41.45,896378
3/6/2017 16:00:00,41.35,41.44,41.12,41.39,1109037
3/7/2017 16:00:00,41.37,41.67,41.33,41.6,1037630
3/8/2017 16:00:00,41.68,41.91,41.59,41.77,989773
3/9/2017 16:00:00,41.8,42.1,41.71,41.93,1261517
3/10/2017 16:00:00,42.16,42.25,41.98,42.16,1704024
3/13/2017 16:00:00,42.2,42.43,42.16,42.28,1223647
3/14/2017 16:00:00,42.18,42.36,42.04,42.28,780198
3/15/2017 16:00:00,42.38,42.43,42.04,42.36,1381474
3/16/2017 16:00:00,42.45,42.54,42.31,42.44,977560
3/17/2017 16:00:00,42.58,42.67,42.36,42.61,1716471
3/20/2017 16:00:00,42.5,42.51,42.26,42.42,1231521
3/21/2017 16:00:00,42.57,42.68,41.45,41.52,2463484
3/22/2017 16:00:00,41.6,41.78,41.36,41.48,1401465
3/23/2017 16:00:00,41.05,41.13,40.61,40.88,3487056
3/24/2017 16:00:00,41,41.1,40.44,40.72,1981006
3/27/2017 16:00:00,40.35,41.08,40.17,40.98,1894990
3/28/2017 16:00:00,41.02,41.3,40.7,41.05,1620542
3/29/2017 16:00:00,41.25,41.64,41.12,41.57,1786321
3/30/2017 16:00:00,41.68,41.68,41.45,41.58,1055339
3/31/2017 16:00:00,41.45,41.58,41.37,41.48,1401893
4/3/2017 16:00:00,41.46,42.04,41.46,41.93,1671503
4/4/2017 16:00:00,41.57,41.76,41.45,41.73,1045363
4/5/2017 16:00:00,41.78,42.12,41.54,41.57,1555328
4/6/2017 16:00:00,41.62,41.82,41.32,41.39,1254433
4/7/2017 16:00:00,41.4,41.42,41.03,41.23,1057253
4/10/2017 16:00:00,41.27,41.47,41.19,41.24,978905
4/11/2017 16:00:00,41.24,41.37,40.85,41.17,1079732
4/12/2017 16:00:00,41.1,41.33,41.05,41.22,900480
4/13/2017 16:00:00,41.11,41.32,41.07,41.18,1122362
4/17/2017 16:00:00,41.25,41.89,41.22,41.86,895015
4/18/2017 16:00:00,41.71,41.95,41.64,41.84,836722
4/19/2017 16:00:00,41.99,42.11,41.81,41.91,954330
4/20/2017 16:00:00,42.07,42.26,41.97,42.08,959031
4/21/2017 16:00:00,42.14,42.19,42.03,42.16,1323583
4/24/2017 16:00:00,42.56,43.17,42.49,43.14,1372541
4/25/2017 16:00:00,43.25,43.75,43.14,43.62,1671972
4/26/2017 16:00:00,43.71,43.8,43.39,43.59,1237167
4/27/2017 16:00:00,43.68,43.77,43.52,43.71,2026816
4/28/2017 16:00:00,45.53,45.84,45.29,45.3,3276255
5/1/2017 16:00:00,45.1,45.78,45.07,45.63,2115993
5/2/2017 16:00:00,45.48,46.04,45.47,45.82,1587219
5/3/2017 16:00:00,45.74,46.41,45.63,46.35,1499532
5/4/2017 16:00:00,46.3,46.8,46.23,46.58,1422144
5/5/2017 16:00:00,46.68,46.75,46.26,46.36,1911275
5/8/2017 16:00:00,46.31,46.85,46.26,46.72,1329825
5/9/2017 16:00:00,46.85,46.88,46.48,46.61,1581809
5/10/2017 16:00:00,46.6,46.6,46.26,46.44,1173925
5/11/2017 16:00:00,46.27,46.63,46.15,46.53,835386
5/12/2017 16:00:00,46.58,46.67,46.39,46.61,1050601
5/15/2017 16:00:00,46.65,46.91,46.47,46.85,1108496
5/16/2017 16:00:00,47,47.16,46.88,47.15,969479
5/17/2017 16:00:00,46.78,46.97,45.91,45.98,2362072
5/18/2017 16:00:00,46.05,46.66,45.94,46.51,1596897
5/19/2017 16:00:00,46.57,46.89,46.55,46.7,1393024
5/22/2017 16:00:00,46.75,47.09,46.75,47.09,1120385
5/23/2017 16:00:00,47.4,47.57,47.13,47.44,1270817
5/24/2017 16:00:00,47.65,47.75,47.48,47.75,1034199
5/25/2017 16:00:00,47.87,48.63,47.77,48.48,1660474
5/26/2017 16:00:00,48.49,48.75,48.25,48.57,1252010
5/30/2017 16:00:00,48.52,48.81,48.47,48.79,1466654
5/31/2017 16:00:00,48.75,48.96,48.01,48.24,2448067
6/1/2017 16:00:00,48.45,48.58,48,48.35,1410458
6/2/2017 16:00:00,48.47,48.79,48.3,48.78,1750955
6/5/2017 16:00:00,48.83,49.35,48.76,49.18,1252106
6/6/2017 16:00:00,49.16,49.41,48.76,48.83,1814624
6/7/2017 16:00:00,48.98,49.21,48.79,49.05,1453874
6/8/2017 16:00:00,49.12,49.23,48.86,49.17,1481916
6/9/2017 16:00:00,49.23,49.23,46.78,47.49,3309389
6/12/2017 16:00:00,46.98,47.47,45.76,47.15,3763529
6/13/2017 16:00:00,47.6,48,47.2,47.67,2013337
6/14/2017 16:00:00,48,48.06,47.11,47.54,1489715
6/15/2017 16:00:00,46.7,47.17,46.22,47.12,2133050
6/16/2017 16:00:00,47,47.1,46.58,46.99,3094711
6/19/2017 16:00:00,47.5,48,47.45,47.87,1533336
6/20/2017 16:00:00,47.88,48.08,47.5,47.53,1125990
6/21/2017 16:00:00,47.68,48.01,47.54,47.97,1202233
6/22/2017 16:00:00,47.94,48.04,47.73,47.85,941958
6/23/2017 16:00:00,47.84,48.3,47.71,48.28,1527856
6/26/2017 16:00:00,48.5,48.67,47.54,47.61,1598355
6/27/2017 16:00:00,47.12,47.41,46.34,46.37,2579930
6/28/2017 16:00:00,46.45,47.14,45.8,47.02,2721406
6/29/2017 16:00:00,46.5,46.56,45.53,45.89,3299176
6/30/2017 16:00:00,46.3,46.3,45.42,45.44,2090226
7/3/2017 16:00:00,45.61,45.7,44.74,44.94,1710373
7/5/2017 16:00:00,45.09,45.73,44.93,45.59,1813884
7/6/2017 16:00:00,45.21,45.75,44.99,45.33,1424503
7/7/2017 16:00:00,45.44,46.08,45.44,45.93,1637785
7/10/2017 16:00:00,46.09,46.52,45.98,46.44,1192825
7/11/2017 16:00:00,46.48,46.57,46.1,46.5,1113235
7/12/2017 16:00:00,46.93,47.32,46.72,47.19,1532144
7/13/2017 16:00:00,47.31,47.72,47.15,47.36,1294687
7/14/2017 16:00:00,47.6,47.85,47.4,47.8,1053774
7/17/2017 16:00:00,47.85,48.04,47.46,47.67,1165537
7/18/2017 16:00:00,47.65,48.4,47.53,48.27,1153964
7/19/2017 16:00:00,48.39,48.65,48.2,48.54,1224540
7/20/2017 16:00:00,48.75,48.8,48.08,48.41,1624463
7/21/2017 16:00:00,48.11,48.66,48.01,48.65,1711000
7/24/2017 16:00:00,48.61,49.31,48.54,49.02,3248347
7/25/2017 16:00:00,47.69,47.99,47.27,47.54,4660979
7/26/2017 16:00:00,47.73,47.75,47.11,47.39,2088256
7/27/2017 16:00:00,47.59,47.59,46,46.7,3212996
7/28/2017 16:00:00,46.47,47.19,46.38,47.08,1846351
7/31/2017 16:00:00,47.09,47.18,46.3,46.53,1970095
8/1/2017 16:00:00,46.62,46.87,46.46,46.54,1277734
8/2/2017 16:00:00,46.43,46.63,45.83,46.52,1824448
8/3/2017 16:00:00,46.52,46.61,46.11,46.18,1202512
8/4/2017 16:00:00,46.34,46.52,46.15,46.4,1082267
8/7/2017 16:00:00,46.45,46.59,46.33,46.47,1032239
8/8/2017 16:00:00,46.35,46.79,46.28,46.34,1061579
8/9/2017 16:00:00,46.03,46.3,45.86,46.15,1192081
8/10/2017 16:00:00,45.88,45.96,45.31,45.36,1823967
8/11/2017 16:00:00,45.4,45.89,45.28,45.72,1206782
8/14/2017 16:00:00,46.13,46.23,45.91,46.13,1064530
8/15/2017 16:00:00,46.21,46.33,45.99,46.11,883369
8/16/2017 16:00:00,46.26,46.64,46.17,46.35,1006711
8/17/2017 16:00:00,46.29,46.34,45.55,45.55,1277238
8/18/2017 16:00:00,45.52,45.76,45.36,45.53,1342689
8/21/2017 16:00:00,45.5,45.65,45.17,45.33,943441
8/22/2017 16:00:00,45.64,46.29,45.57,46.23,1166737
8/23/2017 16:00:00,46.1,46.5,45.97,46.35,1090248
8/24/2017 16:00:00,46.43,46.54,45.78,46.06,1270306
8/25/2017 16:00:00,46.17,46.28,45.78,45.79,1053376
8/28/2017 16:00:00,45.8,45.96,45.59,45.69,1086484
8/29/2017 16:00:00,45.26,46.17,45.25,46.06,1185564
8/30/2017 16:00:00,46,46.54,45.98,46.48,1301225
8/31/2017 16:00:00,46.59,47.1,46.59,46.97,1582579
9/1/2017 16:00:00,47.06,47.12,46.76,46.87,947374
9/5/2017 16:00:00,46.65,46.85,46.1,46.42,1348292
9/6/2017 16:00:00,46.51,46.55,45.96,46.39,1527650
9/7/2017 16:00:00,46.59,46.82,46.18,46.8,1212743
9/8/2017 16:00:00,46.82,46.85,46.24,46.33,1011538
9/11/2017 16:00:00,46.71,46.92,46.35,46.45,1266991
9/12/2017 16:00:00,46.63,46.67,46.19,46.6,1134397
9/13/2017 16:00:00,46.53,46.86,46.49,46.75,1102631
9/14/2017 16:00:00,46.56,46.64,46.2,46.26,1397644
9/15/2017 16:00:00,46.23,46.32,45.82,46.01,2505430
9/18/2017 16:00:00,46,46.1,45.53,45.75,1306922
9/19/2017 16:00:00,45.87,46.12,45.63,46.09,936654
9/20/2017 16:00:00,46.15,46.69,46.1,46.58,1669763
9/21/2017 16:00:00,46.65,46.83,46.19,46.62,1290607
9/22/2017 16:00:00,46.39,46.74,46.32,46.43,1052704
9/25/2017 16:00:00,46.27,46.32,45.49,46.05,1856822
9/26/2017 16:00:00,46.19,46.54,46.06,46.24,1666861
9/27/2017 16:00:00,46.39,47.5,46.39,47.22,2239441
9/28/2017 16:00:00,47.07,47.53,47.03,47.48,1020312
9/29/2017 16:00:00,47.6,47.99,47.58,47.96,1580994
10/2/2017 16:00:00,48,48.13,47.39,47.66,1283444
10/3/2017 16:00:00,47.7,47.9,47.46,47.89,888346
10/4/2017 16:00:00,47.85,48.02,47.53,47.58,952391
10/5/2017 16:00:00,47.77,48.55,47.76,48.5,1213816
10/6/2017 16:00:00,48.34,48.97,48.17,48.94,1173882
10/9/2017 16:00:00,49,49.27,48.81,48.85,891355
10/10/2017 16:00:00,49,49.08,48.3,48.63,968362
10/11/2017 16:00:00,48.69,49.54,48.61,49.46,1693274
10/12/2017 16:00:00,49.37,49.71,49.25,49.39,1262793
10/13/2017 16:00:00,49.6,49.86,49.45,49.48,1169777
10/16/2017 16:00:00,49.61,49.7,49.2,49.6,910543
10/17/2017 16:00:00,49.51,49.82,49.43,49.61,1290186
10/18/2017 16:00:00,49.59,49.84,49.35,49.64,1057581
10/19/2017 16:00:00,49.3,49.44,48.92,49.22,1313575
10/20/2017 16:00:00,49.47,49.55,49.23,49.41,1183186
10/23/2017 16:00:00,49.48,49.48,48.31,48.42,1478448
10/24/2017 16:00:00,48.5,48.61,48.05,48.53,1212153
10/25/2017 16:00:00,48.42,48.8,48.03,48.67,1211262
10/26/2017 16:00:00,49,49.38,48.61,48.63,2042149
10/27/2017 16:00:00,50.46,52.42,50.41,50.96,5167689
10/30/2017 16:00:00,50.7,51.25,50.38,50.86,2085062
10/31/2017 16:00:00,50.76,51.2,50.52,50.83,1331391
11/1/2017 16:00:00,50.86,51.48,50.85,51.28,1373444
11/2/2017 16:00:00,51.09,51.4,50.65,51.28,1048970
11/3/2017 16:00:00,51.11,51.63,51.02,51.62,1076350
11/6/2017 16:00:00,51.45,51.74,51.25,51.3,1125185
11/7/2017 16:00:00,51.36,51.7,51.26,51.67,1112331
11/8/2017 16:00:00,51.53,52.18,51.42,51.99,1088716
11/9/2017 16:00:00,51.7,51.7,50.98,51.56,1245246
11/10/2017 16:00:00,51.32,51.54,51.26,51.4,720676
11/13/2017 16:00:00,51.17,51.58,51.13,51.29,885779
11/14/2017 16:00:00,51.13,51.34,50.71,51.3,959222
11/15/2017 16:00:00,50.96,51.2,50.77,51.05,853992
11/16/2017 16:00:00,51.13,51.8,51.13,51.63,1129688
11/17/2017 16:00:00,51.7,51.72,50.89,50.95,1397064
11/20/2017 16:00:00,51.01,51.13,50.88,50.92,953470
11/21/2017 16:00:00,51.17,51.76,51.13,51.72,1096999
11/22/2017 16:00:00,51.75,51.99,51.57,51.8,746878
11/24/2017 13:00:00,51.79,52.16,51.75,52.03,536996
11/27/2017 16:00:00,52,52.77,51.92,52.71,1307881
11/28/2017 16:00:00,52.75,53.12,52,52.37,1424394
11/29/2017 16:00:00,52.13,52.2,50.78,51.08,2459426
11/30/2017 16:00:00,51.12,51.42,50.75,51.07,1724031
12/1/2017 16:00:00,50.79,51.12,50.1,50.51,1909566
12/4/2017 16:00:00,50.63,50.81,49.78,49.93,1906439
12/5/2017 16:00:00,49.8,51.03,49.41,50.26,2067318
12/6/2017 16:00:00,50.08,51.25,50.06,50.92,1271964
12/7/2017 16:00:00,51.02,51.71,50.9,51.55,1458242
12/8/2017 16:00:00,51.87,52.1,51.63,51.85,1290774
12/11/2017 16:00:00,51.78,52.19,51.6,52.06,1192838
12/12/2017 16:00:00,51.98,52.52,51.68,52.02,1279659
12/13/2017 16:00:00,52.31,52.33,51.92,52.03,1282677
12/14/2017 16:00:00,52.25,52.93,52.16,52.46,1558835
12/15/2017 16:00:00,52.73,53.38,52.48,53.21,3275931
12/18/2017 16:00:00,53.3,53.92,53.1,53.86,1554552
12/19/2017 16:00:00,53.76,53.84,53.18,53.53,1338725
12/20/2017 16:00:00,53.59,53.67,53.08,53.25,1268582
12/21/2017 16:00:00,53.25,53.47,53.09,53.18,995703
12/22/2017 16:00:00,53.06,53.21,52.97,53.01,755095
12/26/2017 16:00:00,52.9,53.01,52.51,52.84,761237
12/27/2017 16:00:00,52.87,52.92,52.4,52.47,1271911
12/28/2017 16:00:00,52.58,52.74,52.24,52.41,837121
12/29/2017 16:00:00,52.34,52.49,52.25,52.32,887511